arrived,sent
1587651634193,1587651633627
1587651720077,1587651719605
1587651734817,1587651733940
1587651748915,1587651748274
1587651762770,1587651762608
1587651777719,1587651776948
1587651793211,1587651791289
1587651806501,1587651805624
1587651820573,1587651819958
1587651835322,1587651834296
1587651850169,1587651848629
1587651863769,1587651862962
1587651878189,1587651877303
1587651892264,1587651891644
1587651907004,1587651905979
1587651921070,1587651920318
1587651936579,1587651934654
1587651950431,1587651948988
1587651963986,1587651963323
1587651978660,1587651977657
1587651993529,1587651991997
1587652006804,1587652006331
1587652022492,1587652020665
1587652035643,1587652035005
1587652051142,1587652049339
1587652064275,1587652063671
1587652079399,1587652078006
1587652094176,1587652092345
1587652107323,1587652106679
1587652122041,1587652121013
1587652137529,1587652135346
1587652150291,1587652149687
1587652164921,1587652164021
1587652178973,1587652178358
1587652194488,1587652192697
1587652209208,1587652207037
1587652222610,1587652221581
1587652237533,1587652235914
1587652252094,1587652250249
1587652267296,1587652264583
1587652279352,1587652278917
1587652294117,1587652293251
1587652309295,1587652307585
1587652322201,1587652321919
1587652337642,1587652336251
1587652351938,1587652350589
1587652365971,1587652364926
1587652379550,1587652379260
1587652394078,1587652393597
1587652408899,1587652407934
1587652423613,1587652422270
1587652437647,1587652436609
1587652452607,1587652450943
1587652465695,1587652465277
1587652480435,1587652479611
1587652695750,1587652694845
1587652710170,1587652709172
1587652724509,1587652723514
1587652739329,1587652737839
1587652753147,1587652752168
1587652767138,1587652766710
1587652782645,1587652781037
1587652796723,1587652795361
1587652810761,1587652809690
1587652824748,1587652824024
1587652840236,1587652838361
1587652853552,1587652852686
1587652867787,1587652867014
1587652882953,1587652881341
1587652897252,1587652895683
1587652911920,1587652910011
1587652925765,1587652924348
1587652939844,1587652938679
1587652939847,1587652938679
1587652954911,1587652953013
1587652968094,1587652967372
1587652982168,1587652981708
1587652997688,1587652996056
1587653011079,1587653010394
1587653026583,1587653024730
1587653039762,1587653039064
1587653054507,1587653053605
1587653069127,1587653067945
1587653084119,1587653082280
1587653097944,1587653096613
1587653112256,1587653111159
1587653126728,1587653125493
1587653140246,1587653139826
1587653154967,1587653154181
1587653169941,1587653168519
1587653184981,1587653182859
1587653197702,1587653197206
1587653211929,1587653211540
1587653226216,1587653225875
1587653242158,1587653240208
1587653255443,1587653254551
1587653269524,1587653268893
1587653284803,1587653283226
1587653299164,1587653297561
1587653313832,1587653311897
1587653326980,1587653326438
1587653341758,1587653340785
1587653379087,1587653369451
1587653384709,1587653383889
1587653399852,1587653398223
1587653413676,1587653412559
1587653428624,1587653426894
1587653456433,1587653455566
1587653471310,1587653469901
1587653485274,1587653484436
1587653501221,1587653498778
1587653514163,1587653513113
1587653529101,1587653527446
1587653542989,1587653541782
1587653558168,1587653556115
1587653571346,1587653570676
1587653585910,1587653585009
1587653601394,1587653599341
1587653614668,1587653613675
1587653629839,1587653628008
1587653644478,1587653642344
1587653658385,1587653656685
1587653673098,1587653671020
1587653687180,1587653685355
1587653701516,1587653699689
1587653715340,1587653714024
1587653730073,1587653728358
1587653743917,1587653742694
1587654336809,1587654335648
1587654350476,1587654349967
1587654365353,1587654364298
1587654380715,1587654379625
1587654394558,1587654393955
1587654409513,1587654408279
1587654423548,1587654422602
1587654437509,1587654436931
1587654452236,1587654451267
1587654466314,1587654465603
1587654480547,1587654479932
1587654495462,1587654494258
1587654509342,1587654508580
1587654523929,1587654522905
1587654538143,1587654537238
1587654552333,1587654551566
1587654566948,1587654565894
1587654580915,1587654580224
1587654594950,1587654594557
1587654609834,1587654608882
1587654624417,1587654623351
1587654638627,1587654637687
1587654652767,1587654652019
1587654667432,1587654666350
1587654681353,1587654680682
1587654696227,1587654695016
1587654696230,1587654695016
1587654710266,1587654709347
1587654724387,1587654723688
1587654739740,1587654738019
1587654753828,1587654752350
1587654768548,1587654766685
1587654782732,1587654781022
1587654796710,1587654795352
1587654810633,1587654809690
1587654824858,1587654824114
1587654840224,1587654838449
1587654853617,1587654852789
1587654868378,1587654867122
1587654883113,1587654881668
1587654897583,1587654896004
1587654911952,1587654910335
1587654911957,1587654910335
1587654925305,1587654924670
1587654939914,1587654939004
1587654955471,1587654953331
1587654968714,1587654967881
1587654983575,1587654982213
1587654998301,1587654996548
1587655012544,1587655010889
1587655026468,1587655025230
1587655041190,1587655039561
1587655054462,1587655053892
1587655069308,1587655068226
1587655084324,1587655082562
1587655098139,1587655096896
1587655112222,1587655111234
1587655126947,1587655125568
1587655141657,1587655139901
1587655155901,1587655154231
1587655169683,1587655168566
1587655183744,1587655182900
1587655197927,1587655197249
1587655212655,1587655211580
1587655227569,1587655225919
1587655240664,1587655240248
1587655255588,1587655254581
1587655270346,1587655268914
1587655298252,1587655297587
1587655312384,1587655311919
1587655327903,1587655326290
1587655342029,1587655340620
1587655356018,1587655354968
1587655369984,1587655369303
1587655384728,1587655383648
1587655600630,1587655598880
1587655614621,1587655613410
1587655629343,1587655627732
1587655642730,1587655642064
1587655657450,1587655656390
1587655672216,1587655670725
1587655686291,1587655685057
1587655700231,1587655699381
1587655715098,1587655713710
1587655729130,1587655728034
1587655743886,1587655742359
1587655757975,1587655756683
1587655772056,1587655771007
1587655786775,1587655785332
1587655786781,1587655785332
1587655800809,1587655799656
1587655815575,1587655813984
1587655828869,1587655828320
1587655844434,1587655842654
1587655858451,1587655856981
1587655872485,1587655871381
1587655887254,1587655885713
1587655901332,1587655900038
1587655915278,1587655914586
1587655930777,1587655928922
1587655944629,1587655943253
1587655958688,1587655957580
1587655972873,1587655971909
1587655986953,1587655986239
1587656002452,1587656000575
1587656016952,1587656014910
1587656030392,1587656029263
1587656045328,1587656043663
1587656058630,1587656058000
1587656074128,1587656072333
1587656087521,1587656086673
1587656101511,1587656101004
1587656116367,1587656115341
1587656131732,1587656129677
1587656145078,1587656144218
1587656159984,1587656158557
1587656174797,1587656172890
1587656188017,1587656187226
1587656203239,1587656201626
1587656216710,1587656215961
1587656231669,1587656230289
1587656246441,1587656244625
1587656261097,1587656259160
1587656275088,1587656273491
1587656289161,1587656287824
1587656303665,1587656302156
1587656318159,1587656316496
1587656331746,1587656330865
1587656346765,1587656345430
1587656360861,1587656359848
1587656374884,1587656374190
1587656389763,1587656388520
1587656403586,1587656402854
1587656418223,1587656417186
1587656432943,1587656431517
1587656462673,1587656460418
1587656475264,1587656474755
1587656490541,1587656489086
1587656504073,1587656503449
1587656519565,1587656517788
1587656532954,1587656532126
1587656547083,1587656546460
1587656561663,1587656560800
1587656575891,1587656575135
1587656590500,1587656589474
1587656605125,1587656603807
1587656619261,1587656618142
1587656634117,1587656632679
1587656648072,1587656647013
1587714922939,1587714921591
1587714936176,1587714935915
1587714951720,1587714950249
1587714965658,1587714964580
1587714994585,1587714993246
1587715009338,1587715007578
1587715023316,1587715021907
1587715037240,1587715036239
1587715052107,1587715050576
1587715066190,1587715064905
1587715080227,1587715079258
1587715095038,1587715093601
1587715109716,1587715107934
1587715123020,1587715122276
1587715137334,1587715136608
1587715152700,1587715150943
1587715166678,1587715165278
1587715180799,1587715179638
1587715195469,1587715193979
1587715208870,1587715208318
1587715224380,1587715222652
1587715237762,1587715236987
1587715253120,1587715251325
1587715266367,1587715265664
1587715281283,1587715280002
1587715295281,1587715294346
1587715310084,1587715308699
1587715323968,1587715323037
1587715337905,1587715337589
1587715352628,1587715351928
1587715368282,1587715366264
1587715381508,1587715380609
1587715396928,1587715394949
1587715410944,1587715409503
1587715425024,1587715423841
1587715439984,1587715438193
1587715439988,1587715438193
1587715453266,1587715452535
1587715468116,1587715466872
1587715482603,1587715481211
1587715496744,1587715495547
1587715511404,1587715509888
1587715524920,1587715524237
1587715540205,1587715538587
1587715540209,1587715538587
1587715555206,1587715552928
1587715567663,1587715567309
1587715583111,1587715581644
1587715598289,1587715595984
1587715611880,1587715610326
1587715625964,1587715624664
1587715640097,1587715639002
1587715655006,1587715653341
1587715668284,1587715667678
1587715683004,1587715682018
1587715696942,1587715696355
1587715711026,1587715710693
1587715726448,1587715725031
1587715739821,1587715739373
1587715755280,1587715753716
1587715768671,1587715768074
1587715782847,1587715782411
1587715798122,1587715796757
1587715811515,1587715811096
1587715825717,1587715825443
1587715840320,1587715839783
1587715855087,1587715854121
1587715869116,1587715868459
1587715883856,1587715882800
1587715899197,1587715897137
1587715913264,1587715911477
1587715927405,1587715926055
1587715942121,1587715940605
1587715955605,1587715954944
1587715969761,1587715969281
1587716185447,1587716184517
1587716200707,1587716198846
1587716215008,1587716213179
1587716228307,1587716227509
1587716243625,1587716241845
1587716256960,1587716256380
1587716272388,1587716270709
1587716285904,1587716285042
1587716299975,1587716299384
1587716315493,1587716313713
1587716330007,1587716328044
1587716343506,1587716342377
1587716358364,1587716356912
1587716372906,1587716371244
1587716386239,1587716385578
1587716401046,1587716399912
1587716415028,1587716414246
1587716429335,1587716428617
1587716444830,1587716443037
1587716457947,1587716457378
1587716473372,1587716471716
1587716486329,1587716486055
1587716503841,1587716500394
1587716515508,1587716514734
1587716529839,1587716529072
1587716544342,1587716543414
1587716558557,1587716557773
1587716572631,1587716572127
1587716588125,1587716586476
1587716601524,1587716600825
1587716616242,1587716615167
1587716630226,1587716629516
1587716644321,1587716643853
1587716659866,1587716658191
1587716673213,1587716672530
1587716688706,1587716686866
1587716701911,1587716701208
1587716715988,1587716715549
1587716731487,1587716729884
1587716744883,1587716744228
1587716760379,1587716758569
1587716774417,1587716772907
1587716788586,1587716787243
1587716802986,1587716801586
1587716816381,1587716815924
1587716831285,1587716830272
1587716845267,1587716844626
1587716860611,1587716859096
1587716874070,1587716873430
1587716889565,1587716887797
1587716903739,1587716902136
1587716917087,1587716916483
1587716931667,1587716930826
1587716945889,1587716945170
1587716960383,1587716959508
1587716975423,1587716973848
1587716988624,1587716988189
1587717003902,1587717002526
1587717017983,1587717016866
1587717032922,1587717031203
1587717046317,1587717045541
1587717060969,1587717059881
1587717075805,1587717074223
1587717090522,1587717088561
1587717104420,1587717103105
1587717120604,1587717117440
1587717132773,1587717131783
1587717132778,1587717131783
1587717148123,1587717146120
1587717161425,1587717160679
1587717176744,1587717175029
1587717190787,1587717189428
1587717204442,1587717203767
1587717219049,1587717218105
1587717233885,1587717232442
1587717998958,1587717997653
1587718012623,1587718011969
1587718027482,1587718026366
1587718041420,1587718040885
1587718056280,1587718055209
1587718070330,1587718069535
1587718084302,1587718083870
1587718099162,1587718098206
1587718113241,1587718112540
1587718128026,1587718126873
1587718142195,1587718141209
1587718158041,1587718157069
1587718172948,1587718171407
1587718172953,1587718171407
1587718186701,1587718185740
1587718200891,1587718200075
1587718215639,1587718214439
1587718229672,1587718228779
1587718243608,1587718243117
1587718243613,1587718243117
1587718258222,1587718257456
1587718272603,1587718271788
1587718287393,1587718286132
1587718301350,1587718300466
1587718315477,1587718314802
1587718330838,1587718329138
1587718344920,1587718343474
1587718359639,1587718357810
1587718373056,1587718372145
1587718389070,1587718387484
1587718402381,1587718401818
1587718417186,1587718416156
1587718431185,1587718430499
1587718446459,1587718444834
1587718460758,1587718459375
1587718474794,1587718473711
1587718489558,1587718488048
1587718502859,1587718502381
1587718518099,1587718516713
1587718531752,1587718531050
1587718547253,1587718545383
1587718561243,1587718559725
1587718575962,1587718574178
1587718590036,1587718588514
1587718603225,1587718602853
1587718618932,1587718617189
1587718632151,1587718631527
1587718646860,1587718645861
1587718661082,1587718660195
1587718676452,1587718674536
1587718690614,1587718688880
1587718704610,1587718703214
1587718718566,1587718717546
1587718734036,1587718731882
1587718734040,1587718731882
1587718746834,1587718746214
1587718762032,1587718760558
1587718776034,1587718774897
1587718790215,1587718789230
1587718804134,1587718803565
1587718818233,1587718817903
1587718833198,1587718832235
1587718847314,1587718846567
1587718861872,1587718860909
1587718876756,1587718875244
1587718890880,1587718889576
1587718905072,1587718903916
1587718918929,1587718918246
1587718934357,1587718932583
1587718947707,1587718946917
1587718962937,1587718961353
1587718976554,1587718975688
